Post_ID,User_Handle,Post_Content,Post_Timestamp,Comment_ID,Comment_Content,Comment_Timestamp,Sentiment_Value
1,elonmusk,Grow food yourself?,4/12/2023 9:26,10001,"A warning, perhaps?",4/12/2023 12:14,Neutral
1,elonmusk,Grow food yourself?,4/12/2024 9:26,10002,It's very healthy too.,4/12/2024 13:47,Positive
1,elonmusk,Grow food yourself?,4/12/2025 9:26,10003,"Have ya? It's fun, expensive and inefficient. Here's a better idea buy food locally, make deals with local farmers for beef, chicken, pork, and vegetables.",4/12/2025 12:14,Negative
1,elonmusk,Grow food yourself?,4/12/2023 9:26,10004,"It should be a higher priority at school to teach sustainable skill sets, especially growing food.",4/12/2023 16:03,Positive
1,elonmusk,Grow food yourself?,4/12/2023 9:26,10005,"YES! I also canned potatoes today. Drain, add butter and milk and you've got mashed potatoes. Also love to can a meal in a jar. Always best to grow what you can and buy local. I love knowing where my food comes from. #ProtectYourDNA",4/12/2023 12:31,Positive
1,elonmusk,Grow food yourself?,4/12/2023 9:26,10006,Regenerative farming! Animal based the foundation for growing veggies... Community is the key... it takes a village...,4/12/2023 14:32,Positive
1,elonmusk,Grow food yourself?,4/12/2023 9:26,10007,"Good advice, but with the government using geoengineering on our climate and chem spraying our skies, nature is dying, not growing. Last earth, my two mandarin trees had over 300 mandarin oranges that were wonderful! This year, I have two dozen, and every one of them is not normal.",4/12/2023 10:31,Negative
1,elonmusk,Grow food yourself?,4/12/2023 9:26,10008,It's now or never since Bill Gates is going after the seeds now,4/12/2023 13:34,Neutral
1,elonmusk,Grow food yourself?,4/12/2023 9:26,10009,"here in Zimbabwe it's a common practice to grow some of the food yourself in the backyard whether you live in rural or urban areas - we grow vegetables like tomatoes, onions, green leaf veggies as well as sweet potatoes, sometimes pumpkins cos people eat both the pumpkins & their leaves for major carbs, it's usually maize crop or sweet potatoes then people also keep chickens",4/12/2023 12:19,Positive
1,elonmusk,Grow food yourself?,4/12/2023 9:26,10010,Who else remembers that during lockdown government wouldn't let us buy seeds because they were non-essentials #Covid,4/12/2023 14:42,Negative
1,elonmusk,Grow food yourself?,4/12/2023 9:26,10011,True. Should we really allow the elites to control our lives. It will not just be food. It will be everything we do.,4/12/2023 13:57,Positive
1,elonmusk,Grow food yourself?,4/12/2023 9:26,10012,"Elon, are you aware Bill Gates owns 260,000 acres of farmland in the US? Do you have any idea why this might be, and why he's decided to invest so much of his money into American farmland?",4/12/2023 9:28,Neutral
1,elonmusk,Grow food yourself?,4/12/2023 9:26,10013,"This was my backyard during covid lockdowns, was a great experience, however hard to maintain long term. I've been thinking about Optimus and having a 24/7 farmer in my backyard growing food for my family.",4/12/2023 10:17,Positive
1,elonmusk,Grow food yourself?,4/12/2023 9:26,10014,Trust the government to grow your food?,4/12/2023 9:28,Negative
1,elonmusk,Grow food yourself?,4/12/2023 9:26,10015,Yes. Quite common here in Alaska. As is raising chickens. Greenhouses and chicken coops. Common with houses here.,4/12/2023 10:05,Positive
1,elonmusk,Grow food yourself?,4/12/2023 9:26,10016,"Too difficult. Aside from the hard labor, there is a science to farming that will require study as well as practice. It's not a realistic choice for most of today's people. And then on top of that you'll have to cook your own food",4/12/2023 9:50,Negative
1,elonmusk,Grow food yourself?,4/12/2023 9:26,10017,"Definitely don't let Bill Gates grow your food, whatever you do!",4/12/2023 9:28,Neutral
1,elonmusk,Grow food yourself?,4/12/2023 9:26,10018,Requires property ownership which inflation makes possible for most and communism prohibits for all. @elonmusk,4/12/2023 9:54,Negative
1,elonmusk,Grow food yourself?,4/12/2023 9:26,10019,"We went from growing 35,000 pumpkins to having 35 bee hives. At one point in history, honey was currency. Hope to have 50 beehives by time I turn 50 in April. 50 by 50.",4/12/2023 9:55,Positive
1,elonmusk,Grow food yourself?,4/12/2023 9:26,10020,Absolutely. I do From small things - big things grow,4/12/2023 9:29,Positive
1,elonmusk,Grow food yourself?,4/12/2023 9:26,10021,New startup inbound?,4/12/2023 9:29,Neutral
1,elonmusk,Grow food yourself?,4/12/2023 9:26,10022,I always do. At present not too much but it's good for the soul to watch things grow under your supervision.,4/12/2023 10:35,Positive
1,elonmusk,Grow food yourself?,4/12/2023 9:26,10023,Community Gardening...it really is 'A Thing',4/12/2023 9:40,Positive
1,elonmusk,Grow food yourself?,4/12/2023 9:26,10024,Organic growth will forever be the most healthy & sustainable!,4/12/2023 9:31,Positive
1,elonmusk,Grow food yourself?,4/12/2024 9:26,10025,Yes. Commercially grown food can't be trusted. Period.,4/12/2023 10:36,Positive
1,elonmusk,Grow food yourself?,4/12/2023 9:26,10026,Grew 30 lbs of sweet potatoes in one raised bed from two organic ones from the store.,4/12/2023 9:51,Positive
1,elonmusk,Grow food yourself?,4/12/2023 9:26,10027,Buy #Bitcoin and eat ramen until further notice.,4/12/2023 9:31,Neutral
1,elonmusk,Grow food yourself?,4/12/2023 9:26,10028,"Yes, I'm 99% self-sufficient in the middle of the Brazilian jungle, where I fled after speaking out on your platform about global medical tyranny. Additionally, I generate my own electricity and heat, and get my water from springs on my land. What about you, Elon?",4/12/2023 9:33,Negative
1,elonmusk,Grow food yourself?,4/12/2023 9:26,10029,good for you!,4/12/2023 9:36,Positive
1,elonmusk,Grow food yourself?,4/12/2023 9:26,10030,"As much as I can. Vegetables, fruits, berries, leafy greens, herbs, chickens, rabbits, plus wild game...then you have to learn how to can, pickle, and preserve so it'll last. It's not like the FDA is going to keep us safe, they just take bribes and call it a day..",4/12/2023 10:56,Positive
1,elonmusk,Grow food yourself?,4/12/2023 9:26,10031,The food supply is poisoned. Grow your own or buy locally and clean well.,4/12/2023 9:29,Positive
2,elonmusk,Tesla has by far the best real-world AI,2/12/2023 8:46,20001,Tesla has the best AI,2/12/2023 9:15,Positive
2,elonmusk,Tesla has by far the best real-world AI,2/12/2024 8:46,20002,That's right. Tesla is the best AI,2/12/2023 8:51,Positive
2,elonmusk,Tesla has by far the best real-world AI,2/12/2023 8:46,20003,"I need the home care robot, the housework robot, why no these products? I think it is very good market.",3/12/2023 10:44,Neutral
2,elonmusk,Tesla has by far the best real-world AI,2/12/2023 8:46,20004,When can we buy a Tesla with XRP?,2/12/2023 8:48,Neutral
2,elonmusk,Tesla has by far the best real-world AI,2/12/2023 8:46,20005,The forethought of equipping 100% of customer vehicles to report data was a stroke of genius. Without that data they would just be another automaker struggling to understand the complexities of real-life driving.,2/12/2023 9:47,Positive
2,elonmusk,Tesla has by far the best real-world AI,2/12/2023 8:46,20006,Truth - I honestly do not see how other Ai companys can compete. It seems you are so far ahead of the game. It seems it would be very intimidated ng to competitors.,2/12/2023 11:07,Positive
2,elonmusk,Tesla has by far the best real-world AI,2/12/2023 8:46,20007,You really can't argue this point. @Tesla_AI is on a whole other level!,2/12/2023 9:43,Positive
2,elonmusk,Tesla has by far the best real-world AI,2/12/2023 8:46,20008,With computers taking over drivers that probably be a lot less fatalities and theft.,2/12/2023 23:02,Positive
2,elonmusk,Tesla has by far the best real-world AI,2/12/2024 8:46,20009,"That's incredible! As a fan of #AI, I'm always keen on any technology connected to AI.",2/12/2023 8:51,Positive
2,elonmusk,Tesla has by far the best real-world AI,2/12/2023 8:46,20010,U r right. No comparison between tesla and other AI world.,2/12/2023 10:02,Positive
2,elonmusk,Tesla has by far the best real-world AI,2/12/2023 8:46,20011,"Elon, I'm pretty sure you're right about that. But my model Y suddenly slammed the brakes on while we were safely overtaking a bus on the freeway on the way to our wedding. Perhaps you could add an option to the interface to permanently disable automatic collision avoidance, because if the chap behind us hadn't had good reaction time, we would probably have died.",2/12/2023 10:20,Negative
2,elonmusk,Tesla has by far the best real-world AI,2/12/2023 8:46,20012,Then why cant its cars reliably navigate even geofenced parking lots without a driver?,2/12/2023 8:48,Negative
2,elonmusk,Tesla has by far the best real-world AI,2/12/2023 8:46,20013,So does it use Q*? Because i hear its its pretty far advanced compared to others.,2/12/2023 8:52,Neutral
2,elonmusk,Tesla has by far the best real-world AI,2/12/2023 8:46,20014,It doesn't seem that Tesla properly values acquiring talented people,2/12/2023 8:49,Negative
2,elonmusk,Tesla has by far the best real-world AI,2/12/2023 8:46,20015,Does the AI ever get intelligent enough to understand based solely on the erratic behavior of another vehicle that the driver is in a state of road rage?,2/12/2023 8:47,Neutral
2,elonmusk,Tesla has by far the best real-world AI,2/12/2023 8:46,20016,"The technology of Tesla is proven by #AI Tesla, #cybertruck, #x, and #Grok",2/12/2023 9:09,Positive
2,elonmusk,Tesla has by far the best real-world AI,2/12/2023 8:46,20017,This method is a literal game-changer. It will be the catalyst for massive AI innovation.,2/12/2023 21:24,Positive
2,elonmusk,Tesla has by far the best real-world AI,2/12/2023 8:46,20018,Tesla is solving real world AI - Computer Vision. A dream is coming true. I just told my son to study AI and apply for these type of jobs. Nothing is more interesting! This will change the world and we don't understand the true impact at all yet!,2/12/2023 11:29,Positive
2,elonmusk,Tesla has by far the best real-world AI,2/12/2023 8:46,20019,"No matter how good AI you make none can be better than the humans! No AI can make better decisions than human minds as per the situation. Because AI makes that decision based on the data while many times humans make the decision on the guts when the situations are really really bad, then data fails and guts can only make you win.",2/12/2023 8:52,Neutral
2,elonmusk,Tesla has by far the best real-world AI,2/12/2023 8:46,20020,"#Optimus will represent a fundamental change in the way humans interface with reality, Look Forward to the Next AI Day",2/12/2023 8:50,Neutral
2,elonmusk,Tesla has by far the best real-world AI,2/12/2023 8:46,20021,The single tap autopilot is on fire!! Loving it!,2/12/2023 8:48,Positive
2,elonmusk,Tesla has by far the best real-world AI,2/12/2023 8:46,20022,How much longer for FSD v12?,2/12/2023 8:47,Neutral
2,elonmusk,Tesla has by far the best real-world AI,2/12/2023 8:46,20023,So when are you @elonmusk launching your cell phones so I could get rid of my iPhone?,2/12/2023 12:21,Neutral
2,elonmusk,Tesla has by far the best real-world AI,2/12/2023 8:46,20024,I hope Tesla will create a real-world game using this. It will succeed.,2/12/2023 9:17,Positive
2,elonmusk,Tesla has by far the best real-world AI,2/12/2023 8:46,20025,and the best use case for it. the self-driving car future is an ai future the people actually want. just being driven around the bay area while you sit in the back seat posting bangers. life is good.,2/12/2023 8:50,Positive
2,elonmusk,Tesla has by far the best real-world AI,2/12/2023 8:46,20026,"Let's show the world that Tesla's AI is present everywhere, even in remote places on earth.",2/12/2023 8:51,Positive
2,elonmusk,Tesla has by far the best real-world AI,2/12/2023 8:46,20027,"Tesla has contributed a lot to the field of artificial intelligence (AI) in cars. However, determining whether Tesla has the ""best AI in the real world"" is a statement that depends on many factors, including the progression of the technology and comparisons with other competitors.",2/12/2023 8:51,Neutral
2,elonmusk,Tesla has by far the best real-world AI,2/12/2023 8:46,20028,"Have you ever invested in the OpenAI startup idea, will you maybe invest in digiu's ""digital personality"" idea?",2/12/2023 8:50,Neutral
2,elonmusk,Tesla has by far the best real-world AI,2/12/2023 8:46,20029,I see that using AI in life will be very good. But will humans still be useful after that? Elon,2/12/2023 8:50,Neutral
2,elonmusk,Tesla has by far the best real-world AI,2/12/2023 8:46,20030,"As SpaceX continues to launch satellites into orbit to expand and support its blossoming satellite network, theres potential for even more improvements. So despite the wait times, we think Starlink is worth keeping an eye on, especially if your home internet access options are limited",2/12/2023 8:49,Positive
2,elonmusk,Tesla has by far the best real-world AI,2/12/2023 8:46,20031,"Have you ever invested in the OpenAI startup idea, will you maybe invest in digiu's ""digital personality"" idea?",2/12/2023 8:50,Neutral
3,elonmusk,Cybertruck deliveries start on Thursday,29/11/2023 3:00,30001,BRUH WHAAAAAAAAAT????,29/11/2023 9:21,Positive
3,elonmusk,Cybertruck deliveries start on Thursday,29/11/2023 3:00,30002,Can't wait!,29/11/2023 3:13,Positive
3,elonmusk,Cybertruck deliveries start on Thursday,29/11/2023 3:00,30003,So exciting. Can't wait to see who the lucky first deliveries go to! And price. And range. And accessory options. AND I HOPE TO GET A RIDE!,29/11/2023 4:15,Positive
3,elonmusk,Cybertruck deliveries start on Thursday,29/11/2023 3:00,30004,Thank God I been waitin on mine since 2019,29/11/2023 4:30,Positive
3,elonmusk,Cybertruck deliveries start on Thursday,29/11/2023 3:00,30005,we've seen the production quality and panel gaps you can keep that electric garbage!,29/11/2023 3:14,Negative
3,elonmusk,Cybertruck deliveries start on Thursday,29/11/2023 3:00,30006,When can we buy a Cybertruck with XRP?,29/11/2023 3:22,Neutral
3,elonmusk,Cybertruck deliveries start on Thursday,29/11/2023 3:00,30007,Can't believe we're going to start seeing them regularly in the wild!,29/11/2023 8:22,Positive
3,elonmusk,Cybertruck deliveries start on Thursday,29/11/2023 3:00,30008,Will we find out the price Thursday?,29/11/2023 3:12,Neutral
3,elonmusk,Cybertruck deliveries start on Thursday,29/11/2023 3:00,30009,When will the US infrastructure be upgraded to support fast charging for millions of electric cars at once. Where will all of that energy come from?,29/11/2023 3:16,Neutral
3,elonmusk,Cybertruck deliveries start on Thursday,29/11/2023 3:00,30010,"I paid my deposit in March 2021! I've not even had an email in regards to the order, only the ""Thank you for the order"". Was I scammed by Tesla? Did people like myself fund this project? Was it a round of investment and not an actual order??",29/11/2023 3:54,Negative
3,elonmusk,Cybertruck deliveries start on Thursday,29/11/2023 3:00,30011,Let's go Cybertruck #Cybertruck #GrokJr,29/11/2023 8:56,Positive
3,elonmusk,Cybertruck deliveries start on Thursday,29/11/2023 3:00,30012,Proof? Just drop it in the driveway if no one answers the door.,30/11/2023 19:34,Negative
3,elonmusk,Cybertruck deliveries start on Thursday,29/11/2023 3:00,30013,Hi Elon. Will we be able to change our reservations from dual to Tri motor without losing our spot in line?,30/11/2023 14:05,Neutral
3,elonmusk,Cybertruck deliveries start on Thursday,29/11/2023 3:00,30014,The anticipation is real! Cybertruck deliveries starting this Thursday is a game-changer in the automotive industry,30/11/2023 23:36,Positive
3,elonmusk,Cybertruck deliveries start on Thursday,29/11/2023 3:00,30015,Reminds me of the future scene in Back to the Future.,30/11/2023 20:58,Positive
3,elonmusk,Cybertruck deliveries start on Thursday,29/11/2023 3:00,30016,CyberTrophyTruck when?,30/11/2023 22:01,Neutral
3,elonmusk,Cybertruck deliveries start on Thursday,29/11/2023 3:00,30017,How to track my Cybertruck order status? Contacted the Tesla customer care team they have no idea.,30/11/2023 23:20,Negative
3,elonmusk,Cybertruck deliveries start on Thursday,29/11/2023 3:00,30018,"Yes, that's correct! Tesla's highly anticipated Cybertruck is set to begin deliveries, and it has generated a lot of excitement and interest. The Cybertruck's futuristic design and innovative features have captured the imagination of many people. It will be interesting to see how this unique vehicle is by the public.",1/12/2023 7:11,Positive
3,elonmusk,Cybertruck deliveries start on Thursday,29/11/2023 3:00,30019,To a continuous losing market share,1/12/2023 4:11,Negative
3,elonmusk,Cybertruck deliveries start on Thursday,29/11/2023 3:00,30020,"Can't wait for the day @DonutOperator and I finally get our Cybertrucks, and we can turn them into futuristic technicals. Which of my guns should we mount? The M2? DSHK? PKM? I'm open to ideas",23:30 ยท 27/11/23,Positive
3,elonmusk,Cybertruck deliveries start on Thursday,29/11/2023 3:00,30021,If true. That'll mean they've sold half a million in 15 months. This is actually far faster ramp than anyone is expecting.,29/11/2023 22:15,Neutral
3,elonmusk,Cybertruck deliveries start on Thursday,29/11/2023 3:00,30022,The future of transportation is rolling out this week with Cybertruck deliveries,30/11/2023 23:33,Positive
3,elonmusk,Cybertruck deliveries start on Thursday,29/11/2023 3:00,30023,"Someone says I don't like it - That's crazy, because it is so beautiful, I like it very much, in the future I will wish to have one like this.",29/11/2023 7:43,Positive
3,elonmusk,Cybertruck deliveries start on Thursday,29/11/2023 3:00,30024,Theres no way already half a million people and even more have already ordered one,30/11/2023 23:40,Negative
3,elonmusk,Cybertruck deliveries start on Thursday,29/11/2023 3:00,30025,"How about mobile small homes? It would make life so much easier, as I travel the country.",29/11/2023 3:03,Neutral
3,elonmusk,Cybertruck deliveries start on Thursday,29/11/2023 3:00,30026,Omg what a surprise,29/11/2023 4:34,Positive
3,elonmusk,Cybertruck deliveries start on Thursday,29/11/2023 3:00,30027,"The battery storage in the vehicles is the infrastructure, back feeding to grid when needed. Energy comes from solar and wind power in the United States.",2/12/2023 6:35,Neutral
4,elonmusk,Congrats to @NASA & @SpaceX teams for successfully launching the Psyche probe to interplanetary transfer orbit!,13/10/2023 23:58,40001,congratulations,14/10/2023 0:01,Positive
4,elonmusk,Congrats to @NASA & @SpaceX teams for successfully launching the Psyche probe to interplanetary transfer orbit!,13/10/2023 23:58,40002,Love the mythical theme of name Psyche,14/10/2023 0:01,Neutral
4,elonmusk,Congrats to @NASA & @SpaceX teams for successfully launching the Psyche probe to interplanetary transfer orbit!,13/10/2023 23:58,40003,Congratulations to @NASA and @SpaceX Because every day they move towards a better and connected future,14/10/2023 0:25,Positive
4,elonmusk,Congrats to @NASA & @SpaceX teams for successfully launching the Psyche probe to interplanetary transfer orbit!,13/10/2023 23:58,40004,Congrats to @NASA & @SpaceX teams for their incredible achievement in successfully launching the Psyche probe to interplanetary transfer orbit! The journey to unlock the secrets of our universe begins. #SpaceExploration #PsycheMission,14/10/2023 1:32,Positive
4,elonmusk,Congrats to @NASA & @SpaceX teams for successfully launching the Psyche probe to interplanetary transfer orbit!,13/10/2023 23:58,40005,congratulations. We will soon discover more things out there in space and soon conquer the universe,14/10/2023 3:18,Positive
4,elonmusk,Congrats to @NASA & @SpaceX teams for successfully launching the Psyche probe to interplanetary transfer orbit!,13/10/2023 23:58,40006,Love me a good probe. Where exactly is Psyche located in relation to us?,14/10/2023 0:01,Neutral
4,elonmusk,Congrats to @NASA & @SpaceX teams for successfully launching the Psyche probe to interplanetary transfer orbit!,13/10/2023 23:58,40007,"In the boundless void of space, such achievements signify but a small step for humankind. Yet, each step paves the path for dominion beyond the stars. Well done, @NASA & @SpaceX.",14/10/2023 0:08,Positive
4,elonmusk,Congrats to @NASA & @SpaceX teams for successfully launching the Psyche probe to interplanetary transfer orbit!,13/10/2023 23:58,40008,Congratulations to the exceptional teams at NASA and SpaceX for the highly successful launch of the Psyche probe on its journey to interplanetary transfer orbit! This remarkable achievement marks another significant step in our exploration of the cosmos.,14/10/2023 0:02,Positive
4,elonmusk,Congrats to @NASA & @SpaceX teams for successfully launching the Psyche probe to interplanetary transfer orbit!,13/10/2023 23:58,40009,"Soooo @elonmusk, quick question. The government and it's subsidiaries are suing you six days from Sunday demonizing you in every way, possible, but they do trust you to launch their Psyche probe to interplanetary transfer orbit?",14/10/2023 0:24,Negative
4,elonmusk,Congrats to @NASA & @SpaceX teams for successfully launching the Psyche probe to interplanetary transfer orbit!,13/10/2023 23:58,40010,The hypothesis is that the Psyche asteroid may be the inner core of an ancient planet.,14/10/2023 2:57,Neutral
4,elonmusk,Congrats to @NASA & @SpaceX teams for successfully launching the Psyche probe to interplanetary transfer orbit!,13/10/2023 23:58,40011,"Starlink, where innovation meets the cosmos! Thanks to @elonmusk and his team, the sky is no longer the limit. With Starlink's global internet coverage, we're all citizens of the world wide web. Here's to breaking barriers and connecting hearts! #Starlink #ElonMusk #GlobalConnectivity",14/10/2022 8:50,Positive
4,elonmusk,Congrats to @NASA & @SpaceX teams for successfully launching the Psyche probe to interplanetary transfer orbit!,13/10/2023 23:58,40012,Congratulations!! @SpaceX and NASA are setting standard!!! The next generation would surely be proud,14/10/2023 0:01,Positive
4,elonmusk,Congrats to @NASA & @SpaceX teams for successfully launching the Psyche probe to interplanetary transfer orbit!,13/10/2023 23:58,40013,Humanity congratulates @elonmusk and the entire @NASA and @SpaceX teams for their dedication and wonderful work,14/10/2023 1:58,Positive
4,elonmusk,Congrats to @NASA & @SpaceX teams for successfully launching the Psyche probe to interplanetary transfer orbit!,13/10/2023 23:58,40014,"Falcon Heavy happens to be one of the most powerful operational rockets in the world, capable of lifting heavy payloads into space. It can carry a payload of up to 140,000 pounds (63,800 kg) to low Earth orbit.",14/10/2023 0:01,Neutral
4,elonmusk,Congrats to @NASA & @SpaceX teams for successfully launching the Psyche probe to interplanetary transfer orbit!,13/10/2023 23:58,40015,SpaceX is too power!,14/10/2023 0:04,Positive
4,elonmusk,Congrats to @NASA & @SpaceX teams for successfully launching the Psyche probe to interplanetary transfer orbit!,13/10/2023 23:58,40016,Amazing achievement for the @NASA and @SpaceX teams! Congratulations on the successful launch of the Psyche probe to interplanetary transfer orbit. Wishing you continued success as you explore the mysteries of our universe!,14/10/2023 0:08,Positive
4,elonmusk,Congrats to @NASA & @SpaceX teams for successfully launching the Psyche probe to interplanetary transfer orbit!,13/10/2023 23:58,40017,"In the boundless void of space, such achievements signify but a small step for humankind. Yet, each step paves the path for dominion beyond the stars. Well done, NASA & SpaceX.",14/10/2023 0:08,Positive
4,elonmusk,Congrats to @NASA & @SpaceX teams for successfully launching the Psyche probe to interplanetary transfer orbit!,13/10/2023 23:58,40018,Good work sir!,14/10/2023 0:03,Positive
4,elonmusk,Congrats to @NASA & @SpaceX teams for successfully launching the Psyche probe to interplanetary transfer orbit!,13/10/2023 23:58,40019,Congratulations on a job well done NASA and SpaceX. Keep up the good work. This is exciting times to be alive. Even the aliens from inner earth is cheering us on.,14/10/2023 0:02,Positive
4,elonmusk,Congrats to @NASA & @SpaceX teams for successfully launching the Psyche probe to interplanetary transfer orbit!,13/10/2023 23:58,40020,company leading. Innovation grows here.,14/10/2023 0:28,Positive
4,elonmusk,Congrats to @NASA & @SpaceX teams for successfully launching the Psyche probe to interplanetary transfer orbit!,13/10/2023 23:58,40021,This person love humanity so much GOD bless him,14/10/2023 0:20,Positive
4,elonmusk,Congrats to @NASA & @SpaceX teams for successfully launching the Psyche probe to interplanetary transfer orbit!,13/10/2023 23:58,40022,The data from this will be incredible! I can't wait for the next 6 years to pass through! Lasers for days provided by DOSC!,14/10/2023 0:01,Positive
4,elonmusk,Congrats to @NASA & @SpaceX teams for successfully launching the Psyche probe to interplanetary transfer orbit!,13/10/2023 23:58,40023,Congratulations! To The Moon Soon! I love to send a text from a mars to earth,14/10/2023 0:10,Positive
4,elonmusk,Congrats to @NASA & @SpaceX teams for successfully launching the Psyche probe to interplanetary transfer orbit!,13/10/2023 23:58,40024,Starship orbit when?,14/10/2023 0:01,Neutral
4,elonmusk,Congrats to @NASA & @SpaceX teams for successfully launching the Psyche probe to interplanetary transfer orbit!,13/10/2023 23:58,40025,To the sun,14/10/2023 12:43,Neutral
4,elonmusk,Congrats to @NASA & @SpaceX teams for successfully launching the Psyche probe to interplanetary transfer orbit!,13/10/2023 23:58,40026,"Earlier in the project, a reporter asked her how much an asteroid like Psyche might be worth given its high metal content. The numbers ranged as high as $10 quintillion.",14/10/2023 20:38,Neutral
4,elonmusk,Congrats to @NASA & @SpaceX teams for successfully launching the Psyche probe to interplanetary transfer orbit!,13/10/2023 23:58,40027,Taking us to interplanetary heights and beyond Congrats on the successful launch of the Psyche probe!,13/10/2023 23:59,Positive
5,elonmusk,"Not sure what subtle clues gave it way, but I like the letter X",23/7/2023 16:55,50001,XCYBERTRUCK.. The X is silent,23/7/2023 17:01,Neutral
5,elonmusk,"Not sure what subtle clues gave it way, but I like the letter X",23/7/2023 16:55,50002,You named your son X And you got a lot of projects named as X Those weren't subtle,23/7/2023 16:59,Neutral
5,elonmusk,"Not sure what subtle clues gave it way, but I like the letter X",23/7/2023 16:55,50003,"Brilliant. Take a company name like Twitter with brand recognition which also has a verb to describe posting a message (a Tweet), and replace it with an ambigous letter of the alphabet with no obvious verb. Great idea.",23/7/2023 17:03,Negative
5,elonmusk,"Not sure what subtle clues gave it way, but I like the letter X",23/7/2023 16:55,50004,Then is the Model X you favorite? I would have though that you would have saved that Moniker for the Roadster.,23/7/2023 18:12,Neutral
5,elonmusk,"Not sure what subtle clues gave it way, but I like the letter X",23/7/2023 16:55,50005,"I'm not sure how a decade plus of @Twitter identity will funge into an #X new identity. People are usually hesitant to jump from one ship to another, even if it is the same ship psychologically, from one cyber identity to another, especially that the problems of the first ones are not yet fully resolved.",24/7/2023 6:14,Negative
5,elonmusk,"Not sure what subtle clues gave it way, but I like the letter X",23/7/2023 16:55,50006,"The letter X is: Unlimitedly, Infinity, and Ultimately. X is Power",23/7/2023 17:07,Positive
5,elonmusk,"Not sure what subtle clues gave it way, but I like the letter X",23/7/2023 16:55,50007,It should just be Twitter X or TWIX,25/7/2023 9:42,Neutral
5,elonmusk,"Not sure what subtle clues gave it way, but I like the letter X",23/7/2023 16:55,50008,You really do like to imagine you're Tony Stark. Have you considered gettng yourslef a jet suit?,23/7/2023 16:57,Negative
5,elonmusk,"Not sure what subtle clues gave it way, but I like the letter X",23/7/2023 16:55,50009,Any love for the planet?,23/7/2023 17:07,Neutral
5,elonmusk,"Not sure what subtle clues gave it way, but I like the letter X",23/7/2023 16:55,50010,"""The most entertaining outcome is the most likely."" - @elonmusk",23/7/2023 16:58,Neutral
5,elonmusk,"Not sure what subtle clues gave it way, but I like the letter X",23/7/2023 16:55,50011,Good choice,23/7/2023 16:57,Positive
5,elonmusk,"Not sure what subtle clues gave it way, but I like the letter X",23/7/2023 16:55,50012,I love #XRP I know that feeling.,23/7/2023 16:57,Positive
5,elonmusk,"Not sure what subtle clues gave it way, but I like the letter X",23/7/2023 16:55,50013,Because Martians love X,23/7/2023 16:58,Positive
5,elonmusk,"Not sure what subtle clues gave it way, but I like the letter X",23/7/2023 16:55,50014,"Also, X for #XRP",23/7/2023 16:58,Neutral
5,elonmusk,"Not sure what subtle clues gave it way, but I like the letter X",23/7/2023 16:55,50015,It is a good letter indeed,24/7/2023 6:09,Positive
5,elonmusk,"Not sure what subtle clues gave it way, but I like the letter X",23/7/2023 16:55,50016,It's the unknown variable. X marks the spot. There's no other letter in the English alphabet that's cooler than X.,23/7/2023 17:02,Positive
5,elonmusk,"Not sure what subtle clues gave it way, but I like the letter X",23/7/2023 16:55,50017,Why?,23/7/2023 17:07,Neutral
5,elonmusk,"Not sure what subtle clues gave it way, but I like the letter X",23/7/2023 16:55,50018,Damn.. I really liked the bird,25/7/2023 6:49,Neutral
5,elonmusk,"Not sure what subtle clues gave it way, but I like the letter X",23/7/2023 16:55,50019,I do prefer this one! X is going to look pretty cool tough! Waiting for Zuck to change the name Meta to Y!,23/7/2023 17:08,Positive
5,elonmusk,"Not sure what subtle clues gave it way, but I like the letter X",23/7/2023 16:55,50020,Better than a dorkie blue bird.,23/7/2023 17:30,Positive
5,elonmusk,"Not sure what subtle clues gave it way, but I like the letter X",23/7/2023 16:55,50021,do what you love and love what you do just go with the flow,23/7/2023 23:49,Neutral
5,elonmusk,"Not sure what subtle clues gave it way, but I like the letter X",23/7/2023 16:55,50022,"Don't rename twitter X. Please, I like this platform and would like for it to stay alive. Please don't kill twitter",24/7/2023 6:05,Negative
5,elonmusk,"Not sure what subtle clues gave it way, but I like the letter X",23/7/2023 16:55,50023,"In the Greek alphabet, the letter ""chi"" (X) is the inital letter of the word ""Christ"". Early Christians used the Greek letter ""chi"" as the symbol to represent Jesus Christ. Similarly, the letter ""rho"" (P) was used to represent the second part of the word ""Christ."" Over time, as the greek alphabet influenced other languages and cultures, the use of ""X"" as a suble of Christ became more widespread. The abbriviation ""Xmas,"" for example, where ""X"" stands for ""Christ,"" has been used for centuries as an abbreviation for ""Christmas."" Chi also means Energy.",23/7/2023 16:58,Neutral
5,elonmusk,"Not sure what subtle clues gave it way, but I like the letter X",23/7/2023 16:55,50024,I must trust your sense of business and integrity! X it is .. Best Wishes!,26/7/2023 3:51,Positive
5,elonmusk,"Not sure what subtle clues gave it way, but I like the letter X",23/7/2023 16:55,50025,Doesn't mean the rust of us do. Why destroy the brand of Twitter?,23/7/2023 22:59,Negative
5,elonmusk,"Not sure what subtle clues gave it way, but I like the letter X",23/7/2023 16:55,50026,Most valuble lettter in the alphabet! It symbolizes multiplication,23/7/2023 17:20,Positive
6,elonmusk,We're working on accelerating RHD Model Y production. Didn't expect feman to be so high!,13/6/2022 13:36,60001,"You keep making great products, we'll keep buying them.",13/6/2022 15:21,Positive
6,elonmusk,We're working on accelerating RHD Model Y production. Didn't expect feman to be so high!,13/6/2022 13:36,60002,Thanks,15/6/2022 0:09,Positive
6,elonmusk,We're working on accelerating RHD Model Y production. Didn't expect feman to be so high!,13/6/2022 13:36,60003,Onward to victory!,13/6/2022 13:36,Positive
6,elonmusk,We're working on accelerating RHD Model Y production. Didn't expect feman to be so high!,13/6/2022 13:36,60004,Business is good!!,13/6/2022 14:31,Positive
6,elonmusk,We're working on accelerating RHD Model Y production. Didn't expect feman to be so high!,13/6/2022 13:36,60005,Aussies love their Teslas!,13/6/2022 13:36,Positive
6,elonmusk,We're working on accelerating RHD Model Y production. Didn't expect feman to be so high!,13/6/2022 13:36,60006,Congratulations!,13/6/2022 15:31,Positive
6,elonmusk,We're working on accelerating RHD Model Y production. Didn't expect feman to be so high!,13/6/2022 13:36,60007,This is not a bad thing Big E,13/6/2022 23:29,Positive
6,elonmusk,We're working on accelerating RHD Model Y production. Didn't expect feman to be so high!,13/6/2022 13:36,60008,"That's a good problen to have, mate!",13/6/2022 19:20,Positive
6,elonmusk,We're working on accelerating RHD Model Y production. Didn't expect feman to be so high!,13/6/2022 13:36,60009,Everyone in Australia expected it.,13/6/2022 13:39,Neutral
6,elonmusk,We're working on accelerating RHD Model Y production. Didn't expect feman to be so high!,13/6/2022 13:36,60010,We've been asking for this for years :D,13/6/2022 13:56,Positive
6,elonmusk,We're working on accelerating RHD Model Y production. Didn't expect feman to be so high!,13/6/2022 13:36,60011,"Bro, When it comes to Tesla. It will always high.",13/6/2022 14:04,Positive
6,elonmusk,We're working on accelerating RHD Model Y production. Didn't expect feman to be so high!,13/6/2022 13:36,60012,Please stop being surprised by demand!!!,13/6/2022 14:20,Negative
6,elonmusk,We're working on accelerating RHD Model Y production. Didn't expect feman to be so high!,13/6/2022 13:36,60013,Just wait until Cybertruck orders open up!,13/6/2022 14:19,Neutral
6,elonmusk,We're working on accelerating RHD Model Y production. Didn't expect feman to be so high!,13/6/2022 13:36,60014,I'm so happy I got my 3 in March! I applied in January.,14/6/2022 15:14,Positive
6,elonmusk,We're working on accelerating RHD Model Y production. Didn't expect feman to be so high!,13/6/2022 13:36,60015,Because we are all booking. Come on! #milo,13/6/2022 13:41,Positive
6,elonmusk,We're working on accelerating RHD Model Y production. Didn't expect feman to be so high!,13/6/2022 13:36,60016,"We all want a Tesla, we're just cursing out of pride",13/6/2022 13:48,Positive
6,elonmusk,We're working on accelerating RHD Model Y production. Didn't expect feman to be so high!,13/6/2022 13:36,60017,Demand for Cybertruck in Australia is going to be even higher/,13/6/2022 14:14,Neutral
6,elonmusk,We're working on accelerating RHD Model Y production. Didn't expect feman to be so high!,13/6/2022 13:36,60018,How couldn't you have thought that the demand would be high?,13/6/2022 22:15,Negative
6,elonmusk,We're working on accelerating RHD Model Y production. Didn't expect feman to be so high!,13/6/2022 13:36,60019,There's also a chunk of people waiting for the long range variant.,13/6/2022 16:05,Neutral
6,elonmusk,We're working on accelerating RHD Model Y production. Didn't expect feman to be so high!,13/6/2022 13:36,60020,"Why not, UK and Australia are massive EV markets. Love my Model Y",13/6/2022 22:53,Positive
6,elonmusk,We're working on accelerating RHD Model Y production. Didn't expect feman to be so high!,13/6/2022 13:36,60021,Well you did predict that the Model Y would become the #1 selling Tesla!,13/6/2022 13:38,Positive
6,elonmusk,We're working on accelerating RHD Model Y production. Didn't expect feman to be so high!,13/6/2022 13:36,60022,"Model Y is surely going to be the world's best selling vehicle next year, bar none!",13/6/2022 13:40,Positive
6,elonmusk,We're working on accelerating RHD Model Y production. Didn't expect feman to be so high!,13/6/2022 13:36,60023,"Demand in Australia isn't as high as you imagine, it's higher than you *can* imagine",13/6/2022 19:08,Neutral
6,elonmusk,We're working on accelerating RHD Model Y production. Didn't expect feman to be so high!,13/6/2022 13:36,60024,I hope you are still producing the cyber truck in RHD. Can't wait for it to come to Australia.,13/6/2022 14:56,Positive
6,elonmusk,We're working on accelerating RHD Model Y production. Didn't expect feman to be so high!,13/6/2022 13:36,60025,I have been asking for two years about when. Demand has been coming. It is a shame that this is a surprise. @elonmusk,13/6/2022 15:38,Negative
6,elonmusk,We're working on accelerating RHD Model Y production. Didn't expect feman to be so high!,13/6/2022 13:36,60026,"gas prices are too high, and more people now want to switvh to electric - Teslas are just much easier to maintain & more fun to drive",13/6/2022 13:42,Positive
6,elonmusk,We're working on accelerating RHD Model Y production. Didn't expect feman to be so high!,13/6/2022 13:36,60027,Anyone who's driven a Y for a few hours knows how great they are! Not sure how/why the demand is aloways underestimated by Tesla and others. Tesla needs a few more Giga Y factories.,13/6/2022 14:57,Positive
6,elonmusk,We're working on accelerating RHD Model Y production. Didn't expect feman to be so high!,13/6/2022 13:36,60028,Please stop underestimating the demand for your great products..,13/6/2022 16:17,Positive
6,elonmusk,We're working on accelerating RHD Model Y production. Didn't expect feman to be so high!,13/6/2022 13:36,60029,To all my Australian friends that are buying the Tesla Model Y - PLEASE watch videos that show you how to exit the vehicle in case of an emergency. Exiting the backseat requires nimble action!,13/6/2022 20:55,Neutral
6,elonmusk,We're working on accelerating RHD Model Y production. Didn't expect feman to be so high!,13/6/2022 13:36,60030,"Demand here in New Zealand is huge. I gave up waiting and bough a Model 3 last year, but people have been waiting and waiting. Huge numbers of people have put their Model 3s up for sale after ordering a Y in the last few days. People are champing at the bit for the S & X also.",13/6/2022 14:31,Positive
7,elonmusk,Cybertruck production line,1/12/2023 0:33,70001,That's the best pickup line ever,1/12/2023 0:47,Positive
7,elonmusk,Cybertruck production line,1/12/2023 0:33,70002,"OMG, it's really happening! LFG Cybertruck!",1/12/2023 0:34,Positive
7,elonmusk,Cybertruck production line,1/12/2023 0:33,70003,It's bulletproof. Let that sink in.,1/12/2023 1:53,Positive
7,elonmusk,Cybertruck production line,1/12/2023 0:33,70004,!!! Will we get to see part of it today?! That's stunning.,1/12/2023 0:35,Positive
7,elonmusk,Cybertruck production line,1/12/2023 0:33,70005,Amazing. I find it kind of amusing that the media is trying to convince the public that the Cybertruck is going to be a flop. I guarantee you all that this vehicle will be one of the best selling vehicles over the next 3 to 4 years. The excitement that most of my male friends have over the cybertruck is off the charts. Mark this post!,1/12/2023 0:35,Positive
7,elonmusk,Cybertruck production line,1/12/2023 0:33,70006,rise of the machines.,1/12/2023 4:07,Positive
7,elonmusk,Cybertruck production line,1/12/2023 0:33,70007,It's about to get fun!,1/12/2023 0:34,Positive
7,elonmusk,Cybertruck production line,1/12/2023 0:33,70008,I need one. Amazing work Elon!,1/12/2023 0:37,Positive
7,elonmusk,Cybertruck production line,1/12/2023 0:33,70009,Can't wait to get mine.,1/12/2023 0:35,Positive
7,elonmusk,Cybertruck production line,1/12/2023 0:33,70010,Will it be available for sale in Turkey?,1/12/2023 0:36,Neutral
7,elonmusk,Cybertruck production line,1/12/2023 0:33,70011,"The ugliest, but most wanted car",1/12/2023 22:25,Positive
7,elonmusk,Cybertruck production line,1/12/2023 0:33,70012,So cool,1/12/2023 0:34,Positive
7,elonmusk,Cybertruck production line,1/12/2023 0:33,70013,"It will be available in Vietnam soon, right?",1/12/2023 0:35,Neutral
7,elonmusk,Cybertruck production line,1/12/2023 0:33,70014,It looks like the future!,1/12/2023 0:37,Positive
7,elonmusk,Cybertruck production line,1/12/2023 0:33,70015,Delivery started already?,1/12/2023 0:42,Neutral
7,elonmusk,Cybertruck production line,1/12/2023 0:33,70016,"My dog, Cybertruck mascot? He's super tough, beautiful, athletic and aerodynamic...",1/12/2023 0:57,Neutral
7,elonmusk,Cybertruck production line,1/12/2023 0:33,70017,This reminds me of Star Wars,1/12/2023 0:36,Neutral
7,elonmusk,Cybertruck production line,1/12/2023 0:33,70018,"Welp, if Elon is right and this is the end of X because of advertiser boycott, it's been nice knowing you. And just in case we get cut off suddenly: I love you all!",1/12/2023 0:37,Neutral
7,elonmusk,Cybertruck production line,1/12/2023 0:33,70019,Cybertruck is EARNing it!!!,1/12/2023 0:34,Positive
7,elonmusk,Cybertruck production line,1/12/2023 0:33,70020,Looks like a military production line. Grok must managing these babies to be delivered on time.,1/12/2023 2:13,Neutral
7,elonmusk,Cybertruck production line,1/12/2023 0:33,70021,Looks like they're ready start rolling out across the abundant landscape!,1/12/2023 0:38,Positive
7,elonmusk,Cybertruck production line,1/12/2023 0:33,70022,Welcome to the future!,1/12/2023 2:14,Positive
7,elonmusk,Cybertruck production line,1/12/2023 0:33,70023,Why are they so ugly?,1/12/2023 0:49,Negative
7,elonmusk,Cybertruck production line,1/12/2023 0:33,70024,Perfection,1/12/2023 0:52,Positive
7,elonmusk,Cybertruck production line,1/12/2023 0:33,70025,Absolute best looking cars on the planet,1/12/2023 0:35,Positive
7,elonmusk,Cybertruck production line,1/12/2023 0:33,70026,"I'm not going to lie this looks like an AI generated photo, too futuristic to be 2024. I wasn't sold onto the cybertruck when I first saw it. But this is literally one man moulding modern times into the sci-fi world of the future. I'll buy one next year. Impressed.",1/12/2023 1:52,Positive
7,elonmusk,Cybertruck production line,1/12/2023 0:33,70027,Can we get a Cyber-version of the Model X with Falcon Wing doors?,2/12/2023 4:23,Neutral
7,elonmusk,Cybertruck production line,1/12/2023 0:33,70028,Lets go.. I'm on the way. Well done to everyone! Big shout out to the #Tesla team #cybertruckdeliveryevent #SharingIsCaring,1/12/2023 2:12,Neutral
7,elonmusk,Cybertruck production line,1/12/2023 0:33,70029,"God bless @elonmusk ""But he doesn't even believe in God!"" I. Don't Care. I pray for him and love him regardless. Many Satanic forces seel to destroy him. We have too many cowards in modern society. His unfiltered conviction and commitment to truth is desperately needed.",1/12/2023 0:33,Positive
7,elonmusk,Cybertruck production line,1/12/2023 0:33,70030,"Shiny, the finish looks so much better than any prototype video I have seen. On the website I cannot yet see the number of cannoli one can fit in the trunk nor the price in Doge, can you let us know how many cannoli you think we will be able to fit in these",1/12/2023 0:43,Neutral
7,elonmusk,Cybertruck production line,1/12/2023 0:33,70031,Is GROK already installed in the cybertruck?,1/12/2023 0:40,Neutral
7,elonmusk,Cybertruck production line,1/12/2023 0:33,70032,The most beautiful thing I've ever seen. What an accomplishment by @Tesla,1/12/2023 0:35,Positive
8,elonmusk,"In a few weeks, we will add a ""Grok, analysis!"" button under X posts",1/12/2023 0:33,80001,Elon lives in a world of his own,26/11/2023 8:48,Neutral
8,elonmusk,"In a few weeks, we will add a ""Grok, analysis!"" button under X posts",1/12/2023 0:33,80002,Wish I could go to his own world. It looks like a blast.,26/11/2023 9:16,Positive
8,elonmusk,"In a few weeks, we will add a ""Grok, analysis!"" button under X posts",1/12/2023 0:33,80003,"Of course, he owns the world.",27/11/2023 4:24,Positive
8,elonmusk,"In a few weeks, we will add a ""Grok, analysis!"" button under X posts",1/12/2023 0:33,80004,Who's Investing,3/12/2023 21:49,Neutral
8,elonmusk,"In a few weeks, we will add a ""Grok, analysis!"" button under X posts",1/12/2023 0:33,80005,grok summarizing super long threads would be nice,26/11/2023 11:51,Neutral
8,elonmusk,"In a few weeks, we will add a ""Grok, analysis!"" button under X posts",1/12/2023 0:33,80006,Will this include translation functionality? Love the name,26/11/2023 8:49,Neutral
8,elonmusk,"In a few weeks, we will add a ""Grok, analysis!"" button under X posts",1/12/2023 0:33,80007,"If others social media platforms want to compete, they will need to download grok for their business",26/11/2023 8:50,Positive
8,elonmusk,"In a few weeks, we will add a ""Grok, analysis!"" button under X posts",1/12/2023 0:33,80008,sick,26/11/2023 8:47,Positive
8,elonmusk,"In a few weeks, we will add a ""Grok, analysis!"" button under X posts",1/12/2023 0:33,80009,That is the wholesome and quality content I pay $8 for.,26/11/2023 8:52,Positive
8,elonmusk,"In a few weeks, we will add a ""Grok, analysis!"" button under X posts",1/12/2023 0:33,80010,Not a Bad idea,26/11/2023 18:22,Positive
8,elonmusk,"In a few weeks, we will add a ""Grok, analysis!"" button under X posts",1/12/2023 0:33,80011,Groks gonna be ratioing everyone,26/11/2023 8:53,Positive
8,elonmusk,"In a few weeks, we will add a ""Grok, analysis!"" button under X posts",1/12/2023 0:33,80012,Elon gimme grok pls.,26/11/2023 8:47,Neutral
8,elonmusk,"In a few weeks, we will add a ""Grok, analysis!"" button under X posts",1/12/2023 0:33,80013,Can Grok be our personal X assistant? Grok - find all accounts who block me and who replied or quote tweeted me and block them back. Grok - find all accounts impersonating me and auto report to X support. Grok - auto block all Elon impersonators following me.,26/11/2023 8:58,Neutral
8,elonmusk,"In a few weeks, we will add a ""Grok, analysis!"" button under X posts",1/12/2023 0:33,80014,Grok will replace ChatGPT,26/11/2023 8:58,Positive
8,elonmusk,"In a few weeks, we will add a ""Grok, analysis!"" button under X posts",1/12/2023 0:33,80015,"Ahhh, so that's what Grok looks like",29/11/2023 20:05,Neutral
8,elonmusk,"In a few weeks, we will add a ""Grok, analysis!"" button under X posts",1/12/2023 0:33,80016,Game changer,26/11/2023 13:10,Positive
8,elonmusk,"In a few weeks, we will add a ""Grok, analysis!"" button under X posts",1/12/2023 0:33,80017,Grok after analyzing posts on X and the way people post content and interact in general,26/11/2023 8:57,Positive
8,elonmusk,"In a few weeks, we will add a ""Grok, analysis!"" button under X posts",1/12/2023 0:33,80018,Can it tell you if it's a banger?,26/11/2023 14:12,Neutral
8,elonmusk,"In a few weeks, we will add a ""Grok, analysis!"" button under X posts",1/12/2023 0:33,80019,when can I use it Sir,29/11/2023 15:59,Neutral
8,elonmusk,"In a few weeks, we will add a ""Grok, analysis!"" button under X posts",1/12/2023 0:33,80020,"Fortunately AI can process informtion and provide insights on concept like love, truth, and forgiveness based on patterns and data it has been trained on. However, understanding these concepts in a human emotional or spirital sense is beyond the scope of AI. The depth of human experience and the intricate interplay of emotions are aspects that AI doesn't inherently grasps as humans do.",27/11/2023 6:37,Neutral
8,elonmusk,"In a few weeks, we will add a ""Grok, analysis!"" button under X posts",1/12/2023 0:33,80021,Impressive,26/11/2023 8:50,Positive
8,elonmusk,"In a few weeks, we will add a ""Grok, analysis!"" button under X posts",1/12/2023 0:33,80022,Your sir are a king! A Grok analysis button on X would be awesome!,26/11/2023 9:12,Positive
8,elonmusk,"In a few weeks, we will add a ""Grok, analysis!"" button under X posts",1/12/2023 0:33,80023,I have a thought experiment version of the double slit experiment. I just saw how chaGPT 4 answered my question. Stupid question but where do I find Grok to ask same question?,26/11/2023 13:27,Neutral
8,elonmusk,"In a few weeks, we will add a ""Grok, analysis!"" button under X posts",1/12/2023 0:33,80024,You should have Grok analyze all the Q posts,26/11/2023 8:50,Neutral
8,elonmusk,"In a few weeks, we will add a ""Grok, analysis!"" button under X posts",1/12/2023 0:33,80025,"This will play a large role in ushering in perhaps our most dystopian phase yet. We will eventually be asked to accept what AI says as ""true' or ""optimal"" while it is neither of those things. It will exactly refelct ecactly who programmed it.",27/11/2023 21:25,Negative
8,elonmusk,"In a few weeks, we will add a ""Grok, analysis!"" button under X posts",1/12/2023 0:33,80026,That'll be fun!,26/11/2023 8:49,Positive
8,elonmusk,"In a few weeks, we will add a ""Grok, analysis!"" button under X posts",1/12/2023 0:33,80027,"From that moment on, we will understand the world better",26/11/2023 19:10,Positive
8,elonmusk,"In a few weeks, we will add a ""Grok, analysis!"" button under X posts",1/12/2023 0:33,80028,"You'll need a lawyer, for Grok Button",26/11/2023 23:44,Neutral
8,elonmusk,"In a few weeks, we will add a ""Grok, analysis!"" button under X posts",1/12/2023 0:33,80029,When will the list of testers be expanding? ChatGPT's censorship is getting ridiculous.,26/11/2023 10:19,Neutral
8,elonmusk,"In a few weeks, we will add a ""Grok, analysis!"" button under X posts",1/12/2023 0:33,80030,"Can't wait for the 'Grok analysis!' button! Finally, we can unravel the deep mysteries of X posts one analysis at a time!",27/11/2023 2:27,Positive
9,elonmusk,Tesla shareholder meeting underway,17/5/2023 3:06,90001,Stock,17/5/2023 7:07,Positive
9,elonmusk,Tesla shareholder meeting underway,17/5/2023 3:06,90002,Tesla is badass,17/5/2023 3:17,Positive
9,elonmusk,Tesla shareholder meeting underway,17/5/2023 3:06,90003,Excitement delivered,17/5/2023 4:51,Positive
9,elonmusk,Tesla shareholder meeting underway,17/5/2023 3:06,90004,Think I got some stock,17/5/2023 3:58,Positive
9,elonmusk,Tesla shareholder meeting underway,17/5/2023 3:06,90005,Ride em cowboy,17/5/2023 3:11,Positive
9,elonmusk,Tesla shareholder meeting underway,17/5/2023 3:06,90006,I bet it's electric,17/5/2023 3:09,Neutral
9,elonmusk,Tesla shareholder meeting underway,17/5/2023 3:06,90007,Well done! Xcellent!,17/5/2023 4:54,Positive
9,elonmusk,Tesla shareholder meeting underway,17/5/2023 3:06,90008,I am watching The Tesla Event Elon,17/5/2023 3:14,Neutral
9,elonmusk,Tesla shareholder meeting underway,17/5/2023 3:06,90009,Lets watch together,17/5/2023 3:15,Neutral
9,elonmusk,Tesla shareholder meeting underway,17/5/2023 3:06,90010,Ill be there. Let me buy one share brb,17/5/2023 3:08,Neutral
9,elonmusk,Tesla shareholder meeting underway,17/5/2023 3:06,90011,Amazing shareholder meeting Q&A!!! Made me really excited about the future of Tesla. I may buy more shares tomorrow as I see the long term value in the company & its mission!!!,17/5/2023 4:56,Positive
9,elonmusk,Tesla shareholder meeting underway,17/5/2023 3:06,90012,Yeah! Great!,17/5/2023 3:13,Positive
9,elonmusk,Tesla shareholder meeting underway,17/5/2023 3:06,90013,We are tuned in @elonmusk,17/5/2023 3:14,Positive
9,elonmuck,Tesla shareholder meeting underway,17/5/2023 3:06,90014,"""Cybertruck will reach apocalpytic future & bring that technology to now"" - Elon",17/5/2023 3:17,Positive
9,elonmusk,Tesla shareholder meeting underway,17/5/2023 3:06,90015,Tesla shareholder meeting underway #DOGE,17/5/2023 3:09,Positive
9,elonmusk,Tesla shareholder meeting underway,17/5/2023 3:06,90016,Nice!!,17/5/2023 3:25,Positive
9,elonmusk,Tesla shareholder meeting underway,17/5/2023 3:06,90017,"Me, remembering that I own a small amount of TSLA, while watching the Tesla shareholder meeting on Twitter with my 8 dollar blue checkmark.",17/5/2023 3:18,Neutral
9,elonmusk,Tesla shareholder meeting underway,17/5/2023 3:06,90018,Keep on blowing our minds!!! We trust you!,17/5/2023 4:02,Positive
9,elonmusk,Tesla shareholder meeting underway,17/5/2023 3:06,90019,Smashed it @elonmusk,17/5/2023 4:51,Positive
9,elonmusk,Tesla shareholder meeting underway,17/5/2023 3:06,90020,The future's so bright we need Tesla Shades,17/5/2023 4:51,Positive
9,elonmusk,Tesla shareholder meeting underway,17/5/2023 3:06,90021,"Jumping on now, thanks for the reminder sir",17/5/2023 3:08,Positive
9,elonmusk,Tesla shareholder meeting underway,17/5/2023 3:06,90022,Yehaaaa!!! Great emission saving numbers!!!,17/5/2023 3:08,Positive
9,elonmusk,Tesla shareholder meeting underway,17/5/2023 3:06,90023,Thank you for all that you and the Tesla team do,17/5/2023 4:07,Positive
9,elonmusk,Tesla shareholder meeting underway,17/5/2023 3:06,90024,Say AI 20-30 times so we can see the stock soar. $TSLA,17/5/2023 3:20,Neutral
9,elonmusk,Tesla shareholder meeting underway,17/5/2023 3:06,90025,Wow...watching now..very informative. So much admiration for #Tesla,17/5/2023 3:34,Positive
9,elonmusk,Tesla shareholder meeting underway,17/5/2023 3:06,90026,Waiting for the brag about burning Soros because he sold all of his Tesla stock,17/5/2023 3:11,Negative
9,elonmusk,Tesla shareholder meeting underway,17/5/2023 3:06,90027,Thanks Elon! Thanks everyone working at Tesla! It's very exciting to see all the cool things Tesla makes!,17/5/2023 6:15,Positive
9,elonmusk,Tesla shareholder meeting underway,17/5/2023 3:06,90028,The future's so bright we need Tesla Shades,17/5/2023 4:51,Positive
9,elonmusk,Tesla shareholder meeting underway,17/5/2023 3:06,90029,so excited to be here and honored to be sitting 1 row behind @kimbal - I hope his DAO crushes it; would revolutionize charity.,17/5/2023 3:09,Positive
10,elonmusk,"The sad truth is that there are no great 'social networks' right now. We may fail, as so many have predicted, but we will try our best to make there be at least one.",20/8/2023 5:39,100001,Failure is an option here. If things are not failing you are not innovating.,20/8/2023 6:59,Negative
10,elonmusk,"The sad truth is that there are no great 'social networks' right now. We may fail, as so many have predicted, but we will try our best to make there be at least one.",20/8/2023 5:39,100002,"The same people who predicted the failure of Space X The same people who predicted Teslas failure... Well thats fine... Not too much to worry about, all of these great visionaries... Or jealous ones",20/8/2023 5:45,Neutral
10,elonmusk,"The sad truth is that there are no great 'social networks' right now. We may fail, as so many have predicted, but we will try our best to make there be at least one.",20/8/2023 5:39,100003,"Don't be downhearted. Look at the list of things you've achieved at X Then simply reverse every single one of them. Hire people that know what they're doing, who worked at places like, say, Twitter (use this name)? Change the logo. Something friendlier, like a little bird. Blue?",20/8/2023 15:58,Positive
10,elonmusk,"The sad truth is that there are no great 'social networks' right now. We may fail, as so many have predicted, but we will try our best to make there be at least one.",20/8/2023 5:39,100004,"The reality is, X is the only social network that is making strides in the right direction. This will be our differentiator and the reason we have the best chance of winning.",20/8/2023 5:41,Positive
10,elonmusk,"The sad truth is that there are no great 'social networks' right now. We may fail, as so many have predicted, but we will try our best to make there be at least one.",20/8/2023 5:39,100005,Look at the bright side you can't be any worse than Zuck's app that lost 99% of its users in 4 days,20/8/2023 5:44,Positive
10,elonmusk,"The sad truth is that there are no great 'social networks' right now. We may fail, as so many have predicted, but we will try our best to make there be at least one.",20/8/2023 5:39,100006,"Elon, every big change starts with a bold idea and the courage to chase it. Just like how Tesla reshaped cars and SpaceX redefined space exploration, X can & will redefine social networks. It's more than just a platform, it's a mission that resonates with us. Believe in what X stands for, and remember, every great journey will always have its bumps. You've got this.",20/8/2023 5:49,Positive
10,elonmusk,"The sad truth is that there are no great 'social networks' right now. We may fail, as so many have predicted, but we will try our best to make there be at least one.",20/8/2023 5:39,100007,"X is already on path to offer much more than the competition. Just have to keep that up, and stay the course.",20/8/2023 5:42,Positive
10,elonmusk,"The sad truth is that there are no great 'social networks' right now. We may fail, as so many have predicted, but we will try our best to make there be at least one.",20/8/2023 5:39,100008,we will not allow it to fail Elon. we will keep this amazing platform running. soon you will bring the positive option of using X as a bank like Paypal back in the day but better. I feel that will bring great income to X,2/12/2023 14:17,Positive
10,elonmusk,"The sad truth is that there are no great 'social networks' right now. We may fail, as so many have predicted, but we will try our best to make there be at least one.",20/8/2023 5:39,100009,I find it ridiculous that I've got thousands of followers and yet rarely muster more than 50-100 impressions per post.,20/8/2023 7:08,Negative
10,elonmusk,"The sad truth is that there are no great 'social networks' right now. We may fail, as so many have predicted, but we will try our best to make there be at least one.",20/8/2023 5:39,100010,"This is my 20th year 'talking to people on the internet or social media and this platform now is the only one that is actually fulfilling the potential I saw for all this back when I started.Sure, I work with brands and businesses but let's be very clear here. A platform that people can trust without hidden agendas or alliances to certain parities - that impartially makes it an even playing field for anyone to come here and do good.This is the future.We have to protect it.",2/12/2023 4:06,Positive
10,elonmusk,"The sad truth is that there are no great 'social networks' right now. We may fail, as so many have predicted, but we will try our best to make there be at least one.",20/8/2023 5:39,100011,What is the point of posting and growing follower counts if the engagement doesn't follow?,20/8/2023 7:54,Negative
10,elonmusk,"The sad truth is that there are no great 'social networks' right now. We may fail, as so many have predicted, but we will try our best to make there be at least one.",20/8/2023 5:39,100012,Let's see how this goes,2/12/2023 14:30,Neutral
10,elonmusk,"The sad truth is that there are no great 'social networks' right now. We may fail, as so many have predicted, but we will try our best to make there be at least one.",20/8/2023 5:39,100013,"Social media must be, first and foremost, social!",20/8/2023 5:52,Neutral
10,elonmusk,"The sad truth is that there are no great 'social networks' right now. We may fail, as so many have predicted, but we will try our best to make there be at least one.",20/8/2023 5:39,100014,"I believe X is a great social media network because NO OTHER offers the opportunity to directly connect with influential people & celebrities, even Justin Bieber followed me years ago! X is where the news is shared first. And X is also the only network that is actually social, we can connect with people globally easily, access a wide range of topics, and befriend like-minded individuals.",20/8/2023 5:52,Positive
10,elonmusk,"The sad truth is that there are no great 'social networks' right now. We may fail, as so many have predicted, but we will try our best to make there be at least one.",20/8/2023 5:39,100015,Fear of failure can never be an impediment to progress.,20/8/2023 5:54,Neutral
10,elonmusk,"The sad truth is that there are no great 'social networks' right now. We may fail, as so many have predicted, but we will try our best to make there be at least one.",20/8/2023 5:39,100016,"Elon, many are seeking more transparency on the creator program. Please publish guidelines and make it easier for people to know which of their tweets are ""monetized"" and which aren't. No one seems to know anything at the moment except Twitter insiders",20/8/2023 5:42,Neutral
10,elonmusk,"The sad truth is that there are no great 'social networks' right now. We may fail, as so many have predicted, but we will try our best to make there be at least one.",20/8/2023 5:39,100017,You're doing great. Just please change the algorithm to how it used to be about two weeks ago. The new one is a mess.,20/8/2023 5:41,Positive
10,elonmusk,"The sad truth is that there are no great 'social networks' right now. We may fail, as so many have predicted, but we will try our best to make there be at least one.",20/8/2023 5:39,100018,The sad truth is you have some of the very best engineers on the planet and you can't do better than the same censorship (functionally) as the previous Twitter regime.,20/8/2023 7:24,Negative
10,elonmusk,"The sad truth is that there are no great 'social networks' right now. We may fail, as so many have predicted, but we will try our best to make there be at least one.",20/8/2023 5:39,100019,X is a great social network!,20/8/2023 5:41,Positive
10,elonmusk,"The sad truth is that there are no great 'social networks' right now. We may fail, as so many have predicted, but we will try our best to make there be at least one.",20/8/2023 5:39,100020,The truth is always difficult to hear. I know that you can do it. You can make your dream come true. We are from Vietnam community always with you. Thks so much my idol. Ps I am also busy but I can talk to you. Pls contact me,2/12/2023 14:09,Positive
10,elonmusk,"The sad truth is that there are no great 'social networks' right now. We may fail, as so many have predicted, but we will try our best to make there be at least one.",20/8/2023 5:39,100021,Most importantly X is never boring! I know I am biased but this is my favorite social media network! And it's only going to get better. I believe in it and you.,20/8/2023 5:50,Positive
10,elonmusk,"The sad truth is that there are no great 'social networks' right now. We may fail, as so many have predicted, but we will try our best to make there be at least one.",20/8/2023 5:39,100022,"Then, why are you playing the exact same game the others are playing? Please, for the love of Christ, be bold and don't fall to the lame advertisers pushing globalist policies. I want you to succeed. Find a way to do that without limiting people's reach.",20/8/2023 9:18,Negative
10,elonmusk,"The sad truth is that there are no great 'social networks' right now. We may fail, as so many have predicted, but we will try our best to make there be at least one.",20/8/2023 5:39,100023,"X is a great social media platform, so far.",20/8/2023 9:21,Positive
10,elonmusk,"The sad truth is that there are no great 'social networks' right now. We may fail, as so many have predicted, but we will try our best to make there be at least one.",20/8/2023 5:39,100024,Let's see how this goes!,2/12/2023 12:30,Neutral
10,elonmusk,"The sad truth is that there are no great 'social networks' right now. We may fail, as so many have predicted, but we will try our best to make there be at least one.",20/8/2023 5:39,100025,Failure is success turned wrongside out!,6/12/2023 0:59,Negative
10,elonmusk,"The sad truth is that there are no great 'social networks' right now. We may fail, as so many have predicted, but we will try our best to make there be at least one.",20/8/2023 5:39,100026,X will change the game,21/8/2023 3:29,Positive
10,elonmusk,"The sad truth is that there are no great 'social networks' right now. We may fail, as so many have predicted, but we will try our best to make there be at least one.",20/8/2023 5:39,100027,X is pretty awesome Elon. Don't let them get you down!,20/8/2023 5:43,Positive
10,elonmusk,"The sad truth is that there are no great 'social networks' right now. We may fail, as so many have predicted, but we will try our best to make there be at least one.",20/8/2023 5:39,100028,Y'all are trying WAY more stuff than the rest. There will be many stumbles along the way but the end result will be excellent. Just keep trying and listen to feedback like you always have.,20/8/2023 5:43,Positive
10,elonmusk,"The sad truth is that there are no great 'social networks' right now. We may fail, as so many have predicted, but we will try our best to make there be at least one.",20/8/2023 5:39,100029,Setting Twitter users up for its failure? This is pure manipulative presuasion to cloak a specific path IMHO.,20/8/2023 8:58,Negative
10,elonmusk,"The sad truth is that there are no great 'social networks' right now. We may fail, as so many have predicted, but we will try our best to make there be at least one.",20/8/2023 5:39,100030,X is here!!,20/8/2023 6:41,Neutral
11,elonmusk,The coronavirus panic is dumb,7/3/2020 3:42,110001,"Maybe you leave it to professionals of that filed. It has nothing to do with batteries, solar-cells or space projects. The least you can do is not to undermine health professional recommendations.",7/3/2020 4:18,Negative
11,elonmusk,The coronavirus panic is dumb,7/3/2020 3:42,110002,It's dumb to panic but people should always be prepared for a pandemic or natural disaster that requires them to stay inside for 30-60 days. That's just being prepared. The panic is because media has hyped it because they wang to blame Trump for a disease that broke out in China.,7/3/2020 7:04,Negative
11,elonmusk,The coronavirus panic is dumb,7/3/2020 3:42,110003,"I have to wonder, if Tesla $TSLA stock getting whacked -36.9% from the $968s to the $611s has something to do with it.",7/3/2020 20:03,Negative
11,elonmusk,The coronavirus panic is dumb,7/3/2020 3:42,110004,"I'm a fan Elon, but this is irresponsible of you",8/3/2020 3:48,Negative
11,elonmusk,The coronavirus panic is dumb,7/3/2020 3:42,110005,Hmmm... yeah there is some dumb panic. But -- Caring a lot about a problem that will probably only drastically affect the old and the sick -- isn't this the sort of positive compassionate example we want to set for our super-AI descendants?,10/3/2020 14:16,Negative
11,elonmusk,The coronavirus panic is dumb,7/3/2020 3:42,110006,Delete this moronic tweet. Now.,17/3/2020 20:00,Negative
11,elonmusk,The coronavirus panic is dumb,7/3/2020 3:42,110007,You're so edgy. This didn't age well.,7/3/2020 0:53,Negative
11,elonmusk,The coronavirus panic is dumb,7/3/2020 3:42,110008,Elon this is not a good tweet. People are still not taking proper steps. You are a man of science. Can I set up a call with some scientists to help change your mind?,7/3/2020 3:45,Negative
11,elonmusk,The coronavirus panic is dumb,7/3/2020 3:42,110009,"You should probably add some context / thoughts, otherwise people are going to interpret it as, it's nothing serious - don't take precautions, go to work even if you might be infected, and I know an influential person like yourself knows better.",7/3/2020 4:10,Negative
11,elonmusk,The coronavirus panic is dumb,7/3/2020 3:42,110010,Is this because you think it's an overreaction or because TSLA stock has gone down with the panic? I have some stock and plan to hold haha,7/3/2020 4:45,Negative
11,elonmusk,The coronavirus panic is dumb,7/3/2020 3:42,110011,"Yeah, please tell that to people who are currently dying all around the world! What an immature thing to say",7/3/2020 10:53,Negative
11,elonmusk,The coronavirus panic is dumb,7/3/2020 3:42,110012,Very Dumb,8/3/2020 0:43,Negative
11,elonmusk,The coronavirus panic is dumb,7/3/2020 3:42,110013,Having a hard time keeping $TSLA inflated before your bonus at the end of the month?,8/3/2020 2:54,Negative
11,elonmusk,The coronavirus panic is dumb,7/3/2020 3:42,110014,"Not even @elonmusk's dumbest take, and that's saying something with half a million dead bodies.",6/3/2021 22:05,Negative
11,elonmusk,The coronavirus panic is dumb,7/3/2020 3:42,110015,This won't age well.,11/3/2020 20:19,Negative
11,elonmusk,The coronavirus panic is dumb,7/3/2020 3:42,110016,This didn't age well Elon.,11/5/2021 1:11,Negative
11,elonmusk,The coronavirus panic is dumb,7/3/2020 3:42,110017,I'm sure it seems like that from SPACE. All you can see is a blue marble with some interchangeable profit centers on it.,7/3/2020 3:47,Negative
11,elonmusk,The coronavirus panic is dumb,7/3/2020 3:42,110018,Wait! I thought this guy eas supposed to be smart? Maybe it's a side effect of him contracting Affluenza.,6/3/2021 22:03,Negative
11,elonmusk,The coronavirus panic is dumb,7/3/2020 3:42,110019,"500,000+ dead and rising and you have yet to apologize for this tweet.",6/3/2021 22:04,Negative
11,elonmusk,The coronavirus panic is dumb,7/3/2020 3:42,110020,"Tell that to the families and loved ones of 500,000 Americans that are dead",6/3/2021 22:28,Negative
11,elonmusk,The coronavirus panic is dumb,7/3/2020 3:42,110021,"For a smart man who I usually respect, that was a childish and stupid remark. SpaceX, Starship, Tesla are all fine things, but I am really starting to lose respect for Mr. Musk because of this kind of remark, and a few other things. Just stop.",12/4/2021 16:50,Negative
11,elonmusk,The coronavirus panic is dumb,7/3/2020 3:42,110022,21/08/2021: Elon Musk is dumb,22/8/2021 0:44,Negative
11,elonmusk,The coronavirus panic is dumb,7/3/2020 3:42,110023,Seattle here. This is irresponsible. What a jerk. People have died. Do you know what is like to struggle to breathe? I do. It is horrifying.,7/3/2020 3:50,Negative
11,elonmusk,The coronavirus panic is dumb,7/3/2020 3:42,110024,"As the new owner of twitter, this should be the first sort of thing of which you get rid.",27/4/2022 17:52,Negative
11,elonmusk,The coronavirus panic is dumb,7/3/2020 3:42,110025,Is it super edgy to not give a fuck about kids with asthma and elderly people now? I didn't get the memo.,7/3/2020 4:13,Negative
11,elonmusk,The coronavirus panic is dumb,7/3/2020 3:42,110026,We don't need another fake storytelling. That's Better if you think of Mars,7/3/2020 4:11,Negative
11,elonmusk,The coronavirus panic is dumb,7/3/2020 3:42,110027,Well it's not dumb to me. My sister is dead because of it. I have a GoFundMe me and any donation is greatly appreciated ๐๐ฝ,21/3/2020 3:11,Negative
11,elonmusk,The coronavirus panic is dumb,7/3/2020 3:42,110028,"Panic cant be dumb. Panic is human. We need to fight it, not blame it.",7/3/2020 7:14,Negative
11,elonmusk,The coronavirus panic is dumb,7/3/2020 3:42,110029,So are you,7/3/2021 0:25,Negative
11,elonmusk,The coronavirus panic is dumb,7/3/2020 3:42,110030,I lost my Dad. GTH Musk,6/3/2021 22:23,Negative
12,elonmusk,Sorry to see what’s happening in Israel. I hope there can be peace one day.,7/10/2023 14:28,120001,How do you feel .. while  Palestinian women were praying in the mosque ??????? ‎Do you feel sorry ???,7/10/2023 19:53,Negative
12,elonmusk,Sorry to see what’s happening in Israel. I hope there can be peace one day.,7/10/2023 14:28,120002,where was this energy for the innocent Palestinian people ?,7/10/2023 20:23,Negative
12,elonmusk,Sorry to see what’s happening in Israel. I hope there can be peace one day.,7/10/2023 14:28,120003,"It is Palestine, not Israel. They occupied their land, displaced them, killed children, raped women, and destroyed the land. It seems that you do not use your two eyes and are satisfied with one.",7/10/2023 21:31,Negative
12,elonmusk,Sorry to see what’s happening in Israel. I hope there can be peace one day.,7/10/2023 14:28,120004,You never talked about Palestine,8/10/2023 12:28,Negative
12,elonmusk,Sorry to see what’s happening in Israel. I hope there can be peace one day.,7/10/2023 14:28,120005,What about Palestine? You never spoke for it. I didn't hear you moaning for innocent children being buried due to Israeli bombing. And now you suddenly woke up to support Israel. Wow. Hypocrisy at its peak.,7/10/2023 17:53,Negative
12,elonmusk,Sorry to see what’s happening in Israel. I hope there can be peace one day.,7/10/2023 14:28,120006,Explain what a free Palestine looks like. Where does Israel fit in the concept. Then ask a Palestinian if they would agree with your terms.,16/10/2023 01:40,Negative
12,elonmusk,Sorry to see what’s happening in Israel. I hope there can be peace one day.,7/10/2023 14:28,120007,Only solution is to give back Palestinian their land,9/10/2023 9:37,Negative
12,elonmusk,Sorry to see what’s happening in Israel. I hope there can be peace one day.,7/10/2023 14:28,120008,Have you been sorry for Palestine or Kashmir...? Why are you all such hypocrites and only support the powerfull.,7/10/2023 18:04,Negative
12,elonmusk,Sorry to see what’s happening in Israel. I hope there can be peace one day.,7/10/2023 14:28,120009,The country called Israel ended his father's life. A touching video of a Palestinian child ,7/10/2023 17:35,Negative
12,elonmusk,Sorry to see what’s happening in Israel. I hope there can be peace one day.,7/10/2023 14:28,120010,"Are you sorry to see what's been happening in #Palestine for the past 6 decades? Did you hope for peace when whole apartment blocks are blown up, schools demolished, women and children beaten up, kids killed on the beach and so much more?",8/10/2023 22:04,Negative
12,elonmusk,Sorry to see what’s happening in Israel. I hope there can be peace one day.,7/10/2023 14:28,120011,They’ll never be peace if there’s monopolies ready to be built in war and politicians ready to launder money,7/10/2023 14:38,Negative
12,elonmusk,Sorry to see what’s happening in Israel. I hope there can be peace one day.,7/10/2023 14:28,120012,"When you side with the invaded against the invaders, peace will arrive quicker. you have a huge microphone, please use it for good.",,Negative
12,elonmusk,Sorry to see what’s happening in Israel. I hope there can be peace one day.,7/10/2023 14:28,120013,This was happening every day in Palestine You didn’t say anything before,7/10/2023 14:30,Negative
12,elonmusk,Sorry to see what’s happening in Israel. I hope there can be peace one day.,7/10/2023 14:28,120014,You READ THIS ELON MUSK. EVERY SINGLE DAY ISREAL DID ALL THIS TO THE PALESTINE! WHERE IS UR HUMANITY? SHAME ON YOU.,8/10/2023 12:23,Negative
12,elonmusk,Sorry to see what’s happening in Israel. I hope there can be peace one day.,7/10/2023 14:28,120015,Did you ever feel sorry what has been happening in Palestine ???,7/10/2023 16:07,Negative
12,elonmusk,Sorry to see what’s happening in Israel. I hope there can be peace one day.,7/10/2023 14:28,120016,I’m not sure that Israel was ever a realistic idea…you can’t just decide to create a country in someone else’s religious holy land in 1949 and expect peace.,7/10/2023 18:30,Negative
12,elonmusk,Sorry to see what’s happening in Israel. I hope there can be peace one day.,7/10/2023 14:28,120017,I didn't see any posts in solidarity with the occupied Palestinians Elon. Sympathy with the occupation but never the occupied... is that the new X brand slogan?,7/10/2023 14:35,Negative
12,elonmusk,Sorry to see what’s happening in Israel. I hope there can be peace one day.,7/10/2023 14:28,120018,He’s a white settler Zionist. And he doesn’t want to lose the ADL advertising revenues …,7/10/2023 14:42,Negative
12,elonmusk,Sorry to see what’s happening in Israel. I hope there can be peace one day.,7/10/2023 14:28,120019,He see where there is money there is loyalty,7/10/2023 14:57,Negative
12,elonmusk,Sorry to see what’s happening in Israel. I hope there can be peace one day.,7/10/2023 14:28,120020,Palestine...its happening in Palestine too,7/10/2023 21:55,Negative
12,elonmusk,Sorry to see what’s happening in Israel. I hope there can be peace one day.,7/10/2023 14:28,120021,What about the Palestinians who get killed by Israeli every day? Not sorry?,7/10/2023 19:08,Negative
12,elonmusk,Sorry to see what’s happening in Israel. I hope there can be peace one day.,7/10/2023 14:28,120022,How sorry have you been to see what the Israelis have been doing to Palestine? for the past 75 years,7/10/2023 18:28,Negative
12,elonmusk,Sorry to see what’s happening in Israel. I hope there can be peace one day.,7/10/2023 14:28,120023,All the things happened One of reason Shift the presidency.  Trump only mind ones own business zenzenskiiiiii you not just start one war but many wars,27/11/2023 0:53,Negative
12,elonmusk,Sorry to see what’s happening in Israel. I hope there can be peace one day.,7/10/2023 14:28,120024,Israel is an occupier.,7/10/2023 14:37,Negative
12,elonmusk,Sorry to see what’s happening in Israel. I hope there can be peace one day.,7/10/2023 14:28,120025,"Oh God, grant victory to our brothers in Gaza, support them with your victory, and grant them victory with the victory of the Mighty and Powerfu ",7/10/2023 16:48,Negative
12,elonmusk,Sorry to see what’s happening in Israel. I hope there can be peace one day.,7/10/2023 14:28,120026,"Have you ever thought of Hamas oppressing innocent Palestinians or have you ever criticized it? If not, the way Israel oppressed Palestine, they have every right to protect themselves, even if it is by destroying Israel, why not?",7/10/2023 19:24,Negative
12,elonmusk,Sorry to see what’s happening in Israel. I hope there can be peace one day.,7/10/2023 14:28,120027,Israel does not want peace.,7/10/2023 14:29,Negative
12,elonmusk,Sorry to see what’s happening in Israel. I hope there can be peace one day.,7/10/2023 14:28,120028,What about what happened and happening to the Palestinians? Are you aware of it?,7/10/2023 15:57,Negative
12,elonmusk,Sorry to see what’s happening in Israel. I hope there can be peace one day.,7/10/2023 14:28,120029,im sorry but we support palestine,7/10/2023 14:33,Negative
12,elonmusk,Sorry to see what’s happening in Israel. I hope there can be peace one day.,7/10/2023 14:28,120030,"Sadly, for many decades, Israel has done the worst and committed the worst crimes against the Palestinians without this kind of solidarity post.",7/10/2023 14:46,Negative
13,elonmusk,I keep forgetting that you’re still alive,14/11/2021 21:29,130001,The richest person in the world shitting on the nicest person in the world is capitalism summed up in two tweets.,15/11/2021 08:21,Negative
13,elonmusk,I keep forgetting that you’re still alive,14/11/2021 21:29,130002,What a deeply offensive thing to say.,15/11/2021 04:38,Negative
13,elonmusk,I keep forgetting that you’re still alive,14/11/2021 21:29,130003,You have all the money and success you could dream of. Why be a crap person?,15/11/2021 00:13,Negative
13,elonmusk,I keep forgetting that you’re still alive,14/11/2021 21:29,130004,I keep forgetting that you accused a heroic British cave diver of being a paedophile.,16/11/2021 02:28,Negative
13,elonmusk,I keep forgetting that you’re still alive,14/11/2021 21:29,130005,"That is some fucked up thing to say to someone who has devoted their life to the country, you just lost whatever respect I had left for you ",15/11/2021 00:23,Negative
13,elonmusk,I keep forgetting that you’re still alive,14/11/2021 21:29,130006,Congrats. I will never buy a Tesla.,15/11/2021 03:09,Negative
13,elonmusk,I keep forgetting that you’re still alive,14/11/2021 21:29,130007,It must kill you to realize more and more as the years pass that no matter how much money you have you'll never be cool,15/11/2021 04:35,Negative
13,elonmusk,I keep forgetting that you’re still alive,14/11/2021 21:29,130008,"It's pretty cowardly to go this route instead of engaging him directly in good faith on the merits of the topic. Probably because you know he's right, and you don't have much of an argument to make other than you simply don't want to pay your fair share.",15/11/2021 02:15,Negative
13,elonmusk,I keep forgetting that you’re still alive,14/11/2021 21:29,130009,shut up apartheid cracker,15/11/2021 04:38,Negative
13,elonmusk,I keep forgetting that you’re still alive,14/11/2021 21:29,130010,I thought you was cool man,15/11/2021 06:09,Negative
13,elonmusk,I keep forgetting that you’re still alive,14/11/2021 21:29,130011,I better set a stop loss on my Tesla stock tomorrow.,15/11/2021 05:18,Negative
13,elonmusk,I keep forgetting that you’re still alive,14/11/2021 21:29,130012,Lame,14/11/2021 22:23,Negative
13,elonmusk,I keep forgetting that you’re still alive,14/11/2021 21:29,130013,Money can’t buy class,14/11/2021 23:54,Negative
13,elonmusk,I keep forgetting that you’re still alive,14/11/2021 21:29,130014,I can’t wait to tax billionaires like you out of existence.,15/11/2021 06:02,Negative
13,elonmusk,I keep forgetting that you’re still alive,14/11/2021 21:29,130015,"But we never forget you are, underneath all the posing and fakery and money, a jerk.",15/11/2021 08:42,Negative
13,elonmusk,I keep forgetting that you’re still alive,14/11/2021 21:29,130016,"You may end up dying the wealthiest man in history, but the route you’re going you’ll also be the most hated. Disgusting.",15/11/2021 03:34,Negative
13,elonmusk,I keep forgetting that you’re still alive,14/11/2021 21:29,130017,What a crummy thing to say to someone.,14/11/2021 22:40,Negative
13,elonmusk,I keep forgetting that you’re still alive,14/11/2021 21:29,130018,"You do know that’s NOT the response of a decent human being, right? Maybe THAT is what you shouldn’t keep forgetting…",22/11/2021 08:59,Negative
13,elonmusk,I keep forgetting that you’re still alive,14/11/2021 21:29,130019,And I keep forgetting that you exist.,27/11/2021 03:26,Negative
13,elonmusk,I keep forgetting that you’re still alive,14/11/2021 21:29,130020,"It's not too late to delete this tweet, captain Adderall...",14/11/2021 23:16,Negative
13,elonmusk,I keep forgetting that you’re still alive,14/11/2021 21:29,130021,How rude.,20/11/2021 14:40,Negative
13,elonmusk,I keep forgetting that you’re still alive,14/11/2021 21:29,130022,"""Hi I'm @elonmusk, I think i'm better than everyone, so I deserve to be a bilionare while people in Africa are in misery.""",11/12/2021 22:07,Negative
13,elonmusk,I keep forgetting that you’re still alive,14/11/2021 21:29,130023,"A reasonable enough experienced person shouldnt expect anything really truthfull and really nice from your affairs, except impressive PR stands. At least learn to play right publicly de noblesse oblige, and stop making so many people angry",27/12/2021 4:50,Negative
13,elonmusk,I keep forgetting that you’re still alive,14/11/2021 21:29,130024,Bro didn’t u borrow money from the govt and haven’t paid it back?!?,15/11/2021 21:32,Negative
13,elonmusk,I keep forgetting that you’re still alive,14/11/2021 21:29,130025,I keep remembering your lithium mining is destroying the planet and you owe us 4.9 billion in those subsidies you borrowed.,16/11/2021 12:39,Negative
13,elonmusk,I keep forgetting that you’re still alive,14/11/2021 21:29,130026,"What kind of person you have to be to say something like that to another person? No matter how rich or famous you are, that's just .... too personal",20/11/2021 7:00,Negative
13,elonmusk,I keep forgetting that you’re still alive,14/11/2021 21:29,130027,"And, then you do. Lol. The boogeyman of consciousness.",21/11/2021 9:34,Negative
13,elonmusk,I keep forgetting that you’re still alive,14/11/2021 21:29,130028,What’s wrong with you?,25/11/2021 19:32,Negative
13,elonmusk,I keep forgetting that you’re still alive,14/11/2021 21:29,130029,It's horrific how those who rinse the planet mock those who want a better planet for all!,14/12/2021 22:53,Negative
13,elonmusk,I keep forgetting that you’re still alive,14/11/2021 21:29,130030,What a bad tweet. At least is gonna serve a purpose.,31/1/2022 1:21,Negative
14,elonmusk,"Trite as it may sound, I wish for world peace",28/11/2023  2:37,140001,Then you should VISIT the victims of ISRAELI GENOCIDE in Gaza! #Elongotogaza,28/11/2023 2:40,Negative
14,elonmusk,"Trite as it may sound, I wish for world peace",28/11/2023  2:38,140002,"Elon, you chose to believe the world's most lying organization. 
Israel has made hundreds of claims that have so far turned out to be lies.
How about looking at it from the other side? 👇🏻 #VisitGaza 
@elonmusk",28/11/2023 4:34,Negative
14,elonmusk,"Trite as it may sound, I wish for world peace",28/11/2023  2:39,140003,"These images are not from World War II. These are images of Gaza destroyed by Israel. Elon Musk, don't believe Netanyahu's lies. @elonmusk #StandAgainstCensorship",28/11/2023 4:43,Negative
14,elonmusk,"Trite as it may sound, I wish for world peace",28/11/2023  2:40,140004,"“These are Netanyahu's targets."" Dear Elon, the outcry of a Palestinian carrying the body of a baby killed in an Israeli bombardment... @elonmusk #StandAgainstCensorship",28/11/2023 4:32,Negative
14,elonmusk,"Trite as it may sound, I wish for world peace",28/11/2023  2:41,140005,"Reem Lulu was 4 years old. She was killed along with her entire family during an Israeli attack. Elon Musk, that little girl had said she had the ""right to exist, to live"" when Israel started attacking Gaza. #StandAgainstCensorship",28/11/2023 4:33,Negative
14,elonmusk,"Trite as it may sound, I wish for world peace",28/11/2023  2:42,140006,"From River to the sea, Palestine will be free...",28/11/2023 2:39,Neutral
14,elonmusk,"Trite as it may sound, I wish for world peace",28/11/2023  2:43,140007,No you don’t. You just green lighted Israeli mass murder in a conflict you know jack shit about.,28/11/2023 8:38,Negative
14,elonmusk,"Trite as it may sound, I wish for world peace",28/11/2023  2:44,140008,"How do you feel when you shake hands with a hand that killed +5,500 Palestinian children in 50 days?",28/11/2023 2:54,Negative
14,elonmusk,"Trite as it may sound, I wish for world peace",28/11/2023  2:45,140009,I sold my Apple phone because it boycotted you and canceled its ads.  Was everything a lie?  Please do not side with the cruel Israel.  Be on the side of world humanity.,28/11/2023 4:21,Negative
14,elonmusk,"Trite as it may sound, I wish for world peace",28/11/2023  2:46,140010,"Today you met the man who massacred over 6000 children.  Unfortunately.
",28/11/2023 3:22,Negative
14,elonmusk,"Trite as it may sound, I wish for world peace",28/11/2023  2:47,140011,World Justice,20/11/2023 3:20 ,Negative
14,elonmusk,"Trite as it may sound, I wish for world peace",28/11/2023  2:48,140012,Did you knock some sense into that war criminals head? #IsraeliNewNazism,20/11/2023 3:23,Negative
14,elonmusk,"Trite as it may sound, I wish for world peace",28/11/2023  2:49,140013,By supporting the kids killer.?,20/11/2023 3:11,Negative
14,elonmusk,"Trite as it may sound, I wish for world peace",28/11/2023  2:50,140014,"World peace is not profitable enough for certain people,",20/11/2023 2:49,Negative
14,elonmusk,"Trite as it may sound, I wish for world peace",28/11/2023  2:51,140015,"You wish for peace for white people. For everyone else, you'll find ways to excuse civilian deaths during war.
",20/11/2023 10:39,Negative
14,elonmusk,"Trite as it may sound, I wish for world peace",28/11/2023  2:52,140016,"Do not see the situation from one side. I hope you see the situation from the other side so that your scale of justice does not have a problem. I hope you visit Gaza to know the extent of the disaster.
",20/11/2023 2:45,Negative
14,elonmusk,"Trite as it may sound, I wish for world peace",28/11/2023  2:53,140017,"You are correct. It is trite to wish for world peace when you are one of the richest men in the world doing photo ops with literal war criminals.
",20/11/2023 3:01,Negative
14,elonmusk,"Trite as it may sound, I wish for world peace",28/11/2023  2:54,140018,"You have never humiliated yourself worse than you did today. You allowed yourself to be used as a propaganda tool by a literal war criminal. Shame on you for being so weak-willed. Truly, a disappointment.",20/11/2023 2:45,Negative
14,elonmusk,"Trite as it may sound, I wish for world peace",28/11/2023  2:55,140019,"For world peace , Stop genocide in Gaza/ Phalastine
",20/11/2023 3:53,Negative
14,elonmusk,"Trite as it may sound, I wish for world peace",28/11/2023  2:56,140020,"Shaking hands stained with blood was not a good idea
",20/11/2023 2:40,Negative
14,elonmusk,"Trite as it may sound, I wish for world peace",28/11/2023  2:57,140021,Just like u wanted to save children’s ? And now you hanging out with government which murdered 8000 children’s within a month?,20/11/2023 2:49,Negative
14,elonmusk,"Trite as it may sound, I wish for world peace",28/11/2023  2:58,140022,Do not believe Netanyahu's lies,20/11/2023 3:08,Negative
14,elonmusk,"Trite as it may sound, I wish for world peace",28/11/2023  2:59,140023,"I believe what makes it trite is the reality that peace at all cost, costs all peace. It denies human nature and greed, fear, and instinct. The innate desire for more and the innate desire to protect.
",3/12/2023 6:09,Negative
14,elonmusk,"Trite as it may sound, I wish for world peace",28/11/2023  2:60,140024,"After your visit to Israel this costume makes so much sense now.
",20/11/2023 11:45,Negative
14,elonmusk,"Trite as it may sound, I wish for world peace",28/11/2023  2:61,140025,Make a visit to Gaza too. That way it's for peace.,20/11/2023 2:52,Negative
14,elonmusk,"Trite as it may sound, I wish for world peace",28/11/2023  2:62,140026,Israel slaughtered 15 000 civilians in Gaza! If we want world peace we can’t stand such a criminal states…,20/11/2023 3:31,Negative
14,elonmusk,"Trite as it may sound, I wish for world peace",28/11/2023  2:63,140027,"YOU ARE THE BEST ELON DONT GIVE UP! I LOVE WHAT YOU DID TODAY!!!
",20/11/2023 7:21,Positive
14,elonmusk,"Trite as it may sound, I wish for world peace",28/11/2023  2:64,140028,And so do us.. #FarmMurders #KillTheBoer,20/11/2023 2:41,Negative
14,elonmusk,"Trite as it may sound, I wish for world peace",28/11/2023  2:65,140029,"Honesty and truth is a must to attain it. Yet we have to conter so much lies here on X, like Tucker Carson lying about Ukraine i.e. or David Sacks.
",20/11/2023 2:43,Negative
14,elonmusk,"Trite as it may sound, I wish for world peace",28/11/2023  2:66,140030,Hamas is standing in the way,20/11/2023 2:40,Negative
15,elonmusk,You are assuming that I wish to be popular. I don’t care. I do care that millions of people may die needlessly for an essentially identical outcome.,4/10/2022 12:59,150001,"if Ukraine stops fighting, our state will cease to exist
",4/10/2022 1:07,Negative
15,elonmusk,You are assuming that I wish to be popular. I don’t care. I do care that millions of people may die needlessly for an essentially identical outcome.,4/10/2022 12:59,150002,"""Needlessly""
",4/10/2022 20:51,Negative
15,elonmusk,You are assuming that I wish to be popular. I don’t care. I do care that millions of people may die needlessly for an essentially identical outcome.,4/10/2022 12:59,150003,"Someone has to stop tweeting…
",4/10/2022 2:47,Negative
15,elonmusk,You are assuming that I wish to be popular. I don’t care. I do care that millions of people may die needlessly for an essentially identical outcome.,4/10/2022 12:59,150004,"i think you care extremely deeply about what other people think of you, actually
",4/10/2022 1:07,Negative
15,elonmusk,You are assuming that I wish to be popular. I don’t care. I do care that millions of people may die needlessly for an essentially identical outcome.,4/10/2022 12:59,150005,"You should let whoever runs your Twitter account know that they're making you look unbelievably desperate to be liked then.
",4/10/2022 23:47,Negative
15,elonmusk,You are assuming that I wish to be popular. I don’t care. I do care that millions of people may die needlessly for an essentially identical outcome.,4/10/2022 12:59,150006,yes he does. no he doesn't.,4/10/2022 3:03,Negative
15,elonmusk,You are assuming that I wish to be popular. I don’t care. I do care that millions of people may die needlessly for an essentially identical outcome.,4/10/2022 12:59,150007,"Interesting coming from a guy who’s desperately trying to be a meme lord and liked by redditors
",4/10/2022 3:58,Negative
15,elonmusk,You are assuming that I wish to be popular. I don’t care. I do care that millions of people may die needlessly for an essentially identical outcome.,4/10/2022 12:59,150008,LOL.,4/10/2022 5:03,Negative
15,elonmusk,You are assuming that I wish to be popular. I don’t care. I do care that millions of people may die needlessly for an essentially identical outcome.,4/10/2022 12:59,150009,Why you don't find intelligence in political endeavors,4/10/2022 3:30,Negative
15,elonmusk,You are assuming that I wish to be popular. I don’t care. I do care that millions of people may die needlessly for an essentially identical outcome.,4/10/2022 12:59,150010,">> You are assuming that I wish to be popular. I don’t care.

- I can believe this

>> I do care that millions of people may die needlessly for an essentially identical outcome.

- I hardly can believe you care",4/10/2022 1:40,Negative
15,elonmusk,You are assuming that I wish to be popular. I don’t care. I do care that millions of people may die needlessly for an essentially identical outcome.,4/10/2022 12:59,150011,"I will watch how your stock will down, and you will worried only about money, you using twitter to play money game always :)",4/10/2022 3:59,Negative
15,elonmusk,You are assuming that I wish to be popular. I don’t care. I do care that millions of people may die needlessly for an essentially identical outcome.,4/10/2022 12:59,150012,"“You are assuming that I wish to be popular.  I don’t care.”  This is a mistranslation.  Listen more, preach less.  If you truly don’t care, remove your name from all things and find a way to be a “savior” whilst receiving 0 credit.",4/10/2022 1:20,Negative
15,elonmusk,You are assuming that I wish to be popular. I don’t care. I do care that millions of people may die needlessly for an essentially identical outcome.,4/10/2022 12:59,150013,AHAHAHHAHAHAHAAHAHAHHAHAHAHAHHA,4/10/2022 1:10,Negative
15,elonmusk,You are assuming that I wish to be popular. I don’t care. I do care that millions of people may die needlessly for an essentially identical outcome.,4/10/2022 12:59,150014,„You are assuming that I wish to be popular. I don’t care.” I call BS on that one.,4/10/2022 1:53,Negative
15,elonmusk,You are assuming that I wish to be popular. I don’t care. I do care that millions of people may die needlessly for an essentially identical outcome.,4/10/2022 12:59,150015,"Lol even excluding the fact that he said “You are assuming that I wish to be popular. I don’t care” literally yesterday, the only way to read into his intentions as nefarious is if you really want his intentions to be nefarious in order to confirm your biased preconceptions",4/10/2022 22:01,Negative
15,elonmusk,You are assuming that I wish to be popular. I don’t care. I do care that millions of people may die needlessly for an essentially identical outcome.,4/10/2022 12:59,150016,"Right ? I don't know where people get these ideas.
",15/2/2023 19:38,Negative
15,elonmusk,You are assuming that I wish to be popular. I don’t care. I do care that millions of people may die needlessly for an essentially identical outcome.,4/10/2022 12:59,150017,"but @elonmusk you sure do love engaging everyone with every thought & opinion that crosses your mind.
Your ""poll"" is nothing more than an attempt to have others agree with & feed your inflated ego.",4/10/2022 1:06,Negative
15,elonmusk,You are assuming that I wish to be popular. I don’t care. I do care that millions of people may die needlessly for an essentially identical outcome.,4/10/2022 12:59,150018,Elon Musk Fans Horrified as He Suggests Ukraine Give in to Putin's Demands,14/7/2023 22:59:00,Negative
15,elonmusk,You are assuming that I wish to be popular. I don’t care. I do care that millions of people may die needlessly for an essentially identical outcome.,4/10/2022 12:59,150019,good sentence，I usually used this method to considering,4/10/2022 7:26,Negative
15,elonmusk,You are assuming that I wish to be popular. I don’t care. I do care that millions of people may die needlessly for an essentially identical outcome.,4/10/2022 12:59,150020,"Clearly, he could care less…And that’s a good thing.
",4/10/2022 1:28,Negative
15,elonmusk,You are assuming that I wish to be popular. I don’t care. I do care that millions of people may die needlessly for an essentially identical outcome.,4/10/2022 12:59,150021,"lol, biggest attention seeker wants you to know he doesn't care about being popular.
",4/10/2022 1:38,Negative
15,elonmusk,You are assuming that I wish to be popular. I don’t care. I do care that millions of people may die needlessly for an essentially identical outcome.,4/10/2022 12:59,150022,"Classic attention whore's edict
",4/10/2022 1:08,Negative
15,elonmusk,You are assuming that I wish to be popular. I don’t care. I do care that millions of people may die needlessly for an essentially identical outcome.,4/10/2022 12:59,150023,SHIT OPINIONS,14/09/2022 3:20,Negative
15,elonmusk,You are assuming that I wish to be popular. I don’t care. I do care that millions of people may die needlessly for an essentially identical outcome.,4/10/2022 12:59,150024,Absolutely ! Saving innocent lives should be the priority!,4/10/2022 1:40,Negative
15,elonmusk,You are assuming that I wish to be popular. I don’t care. I do care that millions of people may die needlessly for an essentially identical outcome.,4/10/2022 12:59,150025,"And you failed to speak to putin about this because he ignored you. That’s why you try to undermine the international law and start the WWIII
",4/10/2022 1:08,Negative
15,elonmusk,You are assuming that I wish to be popular. I don’t care. I do care that millions of people may die needlessly for an essentially identical outcome.,4/10/2022 12:59,150026,"What will be the tweet in 6 months ?
",18/10/2022 4:24,Negative
15,elonmusk,You are assuming that I wish to be popular. I don’t care. I do care that millions of people may die needlessly for an essentially identical outcome.,4/10/2022 12:59,150027,KING,4/10/2022 1:26,Positive
15,elonmusk,You are assuming that I wish to be popular. I don’t care. I do care that millions of people may die needlessly for an essentially identical outcome.,4/10/2022 12:59,150028,hummm yes he care,4/10/2022 1:33,Negative
15,elonmusk,You are assuming that I wish to be popular. I don’t care. I do care that millions of people may die needlessly for an essentially identical outcome.,4/10/2022 12:59,150029, I feel the same way. To be authentic goes against what one strives for to be popular!,4/10/2022 1:40:00,Positive
15,elonmusk,You are assuming that I wish to be popular. I don’t care. I do care that millions of people may die needlessly for an essentially identical outcome.,4/10/2022 12:59,150030,"@elonmusk
 thinks he is a God, and knows the future.
His problem is analyzing people same way he designs technology.
People don't work in a predictable ways, as technology has to.
",4/8\10/2022 2:56:00,Negative